
{
    "frutas": [
      {
        "nome": "Abacate",
        "solo_ideal": "Rico em matéria orgânica, bem drenado",
        "ambiente": "Ensolarado, tolera meia-sombra",
        "regagem": "2-3 vezes por semana",
        "tempo_colheita": "12-18 meses"
      },
      {
        "nome": "Abacaxi",
        "solo_ideal": "Areno-argiloso, bem drenado",
        "ambiente": "Ensolarado",
        "regagem": "Diária",
        "tempo_colheita": "12-18 meses"
      },
      {
        "nome": "Acerola",
        "solo_ideal": "Ácido, rico em matéria orgânica",
        "ambiente": "Ensolarado",
        "regagem": "Diária",
        "tempo_colheita": "6-8 meses"
      },
      {
        "nome": "Ameixa",
        "solo_ideal": "Rico em matéria orgânica, bem drenado",
        "ambiente": "Ensolarado",
        "regagem": "A cada 2-3 dias",
        "tempo_colheita": "1 ano"
      },
      {
        "nome": "Amora",
        "solo_ideal": "Rico em matéria orgânica, úmido",
        "ambiente": "Sol parcial",
        "regagem": "Diária",
        "tempo_colheita": "1 ano"
      },
      {
        "nome": "Banana",
        "solo_ideal": "Rico em matéria orgânica, bem drenado",
        "ambiente": "Ensolarado",
        "regagem": "Diária",
        "tempo_colheita": "9-12 meses"
      },
      {
        "nome": "Caju",
        "solo_ideal": "Areno-argiloso, bem drenado",
        "ambiente": "Ensolarado",
        "regagem": "Regular",
        "tempo_colheita": "12-18 meses"
      },
      {
        "nome": "Carambola",
        "solo_ideal": "Rico em matéria orgânica, bem drenado",
        "ambiente": "Ensolarado",
        "regagem": "Regular",
        "tempo_colheita": "10-12 meses"
      },
      {
        "nome": "Coco",
        "solo_ideal": "Areno-arenoso, bem drenado",
        "ambiente": "Ensolarado",
        "regagem": "Regular",
        "tempo_colheita": "6-12 meses (depende da variedade)"
      },
      {
        "nome": "Goiaba",
        "solo_ideal": "Rico em matéria orgânica, bem drenado",
        "ambiente": "Ensolarado",
        "regagem": "Regular",
        "tempo_colheita": "6-12 meses"
      },
      {
        "nome": "Jabuticaba",
        "solo_ideal": "Rico em matéria orgânica, bem drenado",
        "ambiente": "Ensolarado, tolera sombra parcial",
        "regagem": "Regular",
        "tempo_colheita": "2-3 anos"
      },
      {
        "nome": "Laranja",
        "solo_ideal": "Rico em matéria orgânica, bem drenado",
        "ambiente": "Ensolarado",
        "regagem": "Regular",
        "tempo_colheita": "8-10 meses"
      },
      {
        "nome": "Limão",
        "solo_ideal": "Rico em matéria orgânica, bem drenado",
        "ambiente": "Ensolarado",
        "regagem": "Regular",
        "tempo_colheita": "10-12 meses"
      },
      {
        "nome": "Maçã",
        "solo_ideal": "Rico em matéria orgânica, profundo",
        "ambiente": "Clima temperado, com verões quentes e invernos frios",
        "regagem": "Regular",
        "tempo_colheita": "1 ano ou mais"
      },
      {
        "nome": "Mamão",
        "solo_ideal": "Rico em matéria orgânica, bem drenado",
        "ambiente": "Ensolarado, quente e úmido",
        "regagem": "Regular",
        "tempo_colheita": "8-10 meses"
      },
      {
        "nome": "Manga",
        "solo_ideal": "Rico em matéria orgânica, bem drenado",
        "ambiente": "Ensolarado, quente e úmido",
        "regagem": "Regular",
        "tempo_colheita": "10-12 meses"
      },
      {
        "nome": "Maracujá",
        "solo_ideal": "Rico em matéria orgânica, bem drenado",
        "ambiente": "Ensolarado",
        "regagem": "Regular",
        "tempo_colheita": "8-10 meses"
      },
      {
        "nome": "Melancia",
        "solo_ideal": "Rico em matéria orgânica, bem drenado",
        "ambiente": "Ensolarado, quente",
        "regagem": "Regular",
        "tempo_colheita": "3-4 meses"
      },
      {
        "nome": "Melão",
        "solo_ideal": "Rico em matéria orgânica, bem drenado",
        "ambiente": "Ensolarado, quente",
        "regagem": "Regular",
        "tempo_colheita": "3-4 meses"
      },
      {
        "nome": "Morango",
        "solo_ideal": "Rico em matéria orgânica, bem drenado",
        "ambiente": "Clima temperado, com temperaturas amenas",
        "regagem": "Regular",
        "tempo_colheita": "3-4 meses após o plantio"
      },
      {
        "nome": "Pêra",
        "solo_ideal": "Rico em matéria orgânica, profundo e bem drenado",
        "ambiente": "Clima temperado, com verões quentes e invernos frios",
        "regagem": "Regular",
        "tempo_colheita": "1 ano ou mais"
      },
      {
        "nome": "Pêssego",
        "solo_ideal": "Rico em matéria orgânica, bem drenado",
        "ambiente": "Clima temperado, com verões quentes e invernos frios",
        "regagem": "Regular",
        "tempo_colheita": "1 ano"
      },
      {
        "nome": "Pitanga",
        "solo_ideal": "Ácido, arenoso e bem drenado",
        "ambiente": "Ensolarado",
        "regagem": "Regular",
        "tempo_colheita": "1-2 anos"
      },
      {
        "nome": "Tangerina",
        "solo_ideal": "Rico em matéria orgânica, bem drenado",
        "ambiente": "Ensolarado",
        "regagem": "Regular",
        "tempo_colheita": "8-10 meses"
      },
      {
        "nome": "Uva",
        "solo_ideal": "Rico em matéria orgânica, profundo e bem drenado",
        "ambiente": "Clima temperado, com verões quentes e invernos frios",
        "regagem": "Regular",
        "tempo_colheita": "1 ano ou mais"
      }
    ]
  }