{
    "legumes": [
        {
            "nome": "Abóbora",
            "solo_ideal": "Rico em matéria orgânica, bem drenado",
            "ambiente": "Ensolarado",
            "regagem": "Regular",
            "tempo_colheita": "3-5 meses"
        },
        {
            "nome": "Aipim",
            "solo_ideal": "Areno-argiloso, bem drenado",
            "ambiente": "Ensolarado",
            "regagem": "Regular",
            "tempo_colheita": "6-12 meses"
        },
        {
            "nome": "Alho",
            "solo_ideal": "Rico em matéria orgânica, bem drenado",
            "ambiente": "Ensolarado",
            "regagem": "Moderada",
            "tempo_colheita": "6-8 meses"
        },
        {
            "nome": "Batata",
            "solo_ideal": "Leve, arenoso e rico em matéria orgânica",
            "ambiente": "Ensolarado",
            "regagem": "Moderada",
            "tempo_colheita": "3-4 meses"
        },
        {
            "nome": "Batata-doce",
            "solo_ideal": "Leve, arenoso e rico em matéria orgânica",
            "ambiente": "Ensolarado",
            "regagem": "Regular",
            "tempo_colheita": "3-4 meses"
        },
        {
            "nome": "Berinjela",
            "solo_ideal": "Rico em matéria orgânica, bem drenado",
            "ambiente": "Ensolarado",
            "regagem": "Regular",
            "tempo_colheita": "2-3 meses"
        },
        {
            "nome": "Beterraba",
            "solo_ideal": "Rico em matéria orgânica, bem drenado",
            "ambiente": "Ensolarado",
            "regagem": "Regular",
            "tempo_colheita": "2-3 meses"
        },
        {
            "nome": "Cebola",
            "solo_ideal": "Rico em matéria orgânica, bem drenado",
            "ambiente": "Ensolarado",
            "regagem": "Moderada",
            "tempo_colheita": "3-4 meses"
        },
        {
            "nome": "Cenoura",
            "solo_ideal": "Leve, arenoso e rico em matéria orgânica",
            "ambiente": "Ensolarado",
            "regagem": "Regular",
            "tempo_colheita": "2-3 meses"
        },
        {
            "nome": "Chuchu",
            "solo_ideal": "Rico em matéria orgânica, bem drenado",
            "ambiente": "Ensolarado ou meia-sombra",
            "regagem": "Regular",
            "tempo_colheita": "2-3 meses"
        },
        {
            "nome": "Couve",
            "solo_ideal": "Rico em matéria orgânica, bem drenado",
            "ambiente": "Ensolarado",
            "regagem": "Regular",
            "tempo_colheita": "Contínuo (folhas novas brotam constantemente)"
        },
        {
            "nome": "Ervilha",
            "solo_ideal": "Rico em matéria orgânica, bem drenado",
            "ambiente": "Ensolarado",
            "regagem": "Regular",
            "tempo_colheita": "2-3 meses"
        },
        {
            "nome": "Feijão",
            "solo_ideal": "Rico em matéria orgânica, bem drenado",
            "ambiente": "Ensolarado",
            "regagem": "Regular",
            "tempo_colheita": "60-90 dias"
        },
        {
            "nome": "Gengibre",
            "solo_ideal": "Rico em matéria orgânica, leve e bem drenado",
            "ambiente": "Sombra parcial",
            "regagem": "Regular",
            "tempo_colheita": "8-10 meses"
        },
        {
            "nome": "Inhame",
            "solo_ideal": "Rico em matéria orgânica, bem drenado",
            "ambiente": "Ensolarado ou sombra parcial",
            "regagem": "Regular",
            "tempo_colheita": "8-12 meses"
        },
        {
            "nome": "Mandioquinha (Baroa)",
            "solo_ideal": "Leve, arenoso e rico em matéria orgânica",
            "ambiente": "Ensolarado",
            "regagem": "Regular",
            "tempo_colheita": "6-9 meses"
        },
        {
            "nome": "Maxixe",
            "solo_ideal": "Rico em matéria orgânica, bem drenado",
            "ambiente": "Ensolarado",
            "regagem": "Regular",
            "tempo_colheita": "2-3 meses"
        },
        {
            "nome": "Milho",
            "solo_ideal": "Rico em matéria orgânica, bem drenado",
            "ambiente": "Ensolarado",
            "regagem": "Regular",
            "tempo_colheita": "60-90 dias"
        },
        {
            "nome": "Pepino",
            "solo_ideal": "Rico em matéria orgânica, bem drenado",
            "ambiente": "Ensolarado",
            "regagem": "Regular",
            "tempo_colheita": "50-60 dias"
        },
        {
            "nome": "Pimentão",
            "solo_ideal": "Rico em matéria orgânica, bem drenado",
            "ambiente": "Ensolarado",
            "regagem": "Regular",
            "tempo_colheita": "60-75 dias"
        },
        {
            "nome": "Quiabo",
            "solo_ideal": "Rico em matéria orgânica, bem drenado",
            "ambiente": "Ensolarado",
            "regagem": "Regular",
            "tempo_colheita": "50-60 dias"
        },
        {
            "nome": "Tomate",
            "solo_ideal": "Rico em matéria orgânica, bem drenado",
            "ambiente": "Ensolarado",
            "regagem": "Regular",
            "tempo_colheita": "60-75 dias"
        },
        {
            "nome": "Vagem",
            "solo_ideal": "Rico em matéria orgânica, bem drenado",
            "ambiente": "Ensolarado",
            "regagem": "Regular",
            "tempo_colheita": "50-60 dias"
        }
    ]
}
