{
    "verduras": [
        {
            "nome": "Acelga",
            "solo_ideal": "Rico em matéria orgânica, bem drenado",
            "ambiente": "Ensolarado ou meia-sombra",
            "regagem": "Regular",
            "tempo_colheita": "Contínuo (folhas novas brotam constantemente)"
        },
        {
            "nome": "Agrião",
            "solo_ideal": "Úmido, rico em matéria orgânica",
            "ambiente": "Sombra parcial",
            "regagem": "Frequente",
            "tempo_colheita": "30-45 dias"
        },
        {
            "nome": "Alface",
            "solo_ideal": "Rico em matéria orgânica, bem drenado",
            "ambiente": "Ensolarado ou meia-sombra",
            "regagem": "Regular",
            "tempo_colheita": "40-60 dias"
        },
        {
            "nome": "Alfavaca",
            "solo_ideal": "Bem drenado, rico em matéria orgânica",
            "ambiente": "Ensolarado",
            "regagem": "Regular",
            "tempo_colheita": "Contínuo (poda constante para estimular o crescimento)"
        },
        {
            "nome": "Alho-poró",
            "solo_ideal": "Rico em matéria orgânica, bem drenado",
            "ambiente": "Ensolarado",
            "regagem": "Regular",
            "tempo_colheita": "120-150 dias"
        },
        {
            "nome": "Almeirão",
            "solo_ideal": "Rico em matéria orgânica, bem drenado",
            "ambiente": "Ensolarado ou meia-sombra",
            "regagem": "Regular",
            "tempo_colheita": "Contínuo (folhas novas brotam constantemente)"
        },
        {
            "nome": "Aspargo",
            "solo_ideal": "Rico em matéria orgânica, bem drenado",
            "ambiente": "Ensolarado",
            "regagem": "Regular",
            "tempo_colheita": "2-3 anos (para a primeira colheita)"
        },
        {
            "nome": "Batata-doce",
            "solo_ideal": "Leve, arenoso e rico em matéria orgânica",
            "ambiente": "Ensolarado",
            "regagem": "Regular",
            "tempo_colheita": "3-4 meses"
        },
        {
            "nome": "Brócolis",
            "solo_ideal": "Rico em matéria orgânica, bem drenado",
            "ambiente": "Ensolarado",
            "regagem": "Regular",
            "tempo_colheita": "60-75 dias"
        },
        {
            "nome": "Cebolinha",
            "solo_ideal": "Rico em matéria orgânica, bem drenado",
            "ambiente": "Ensolarado",
            "regagem": "Regular",
            "tempo_colheita": "Contínuo (poda constante para estimular o crescimento)"
        },
        {
            "nome": "Chicória",
            "solo_ideal": "Rico em matéria orgânica, bem drenado",
            "ambiente": "Ensolarado ou meia-sombra",
            "regagem": "Regular",
            "tempo_colheita": "Contínuo (folhas novas brotam constantemente)"
        },
        {
            "nome": "Coentro",
            "solo_ideal": "Rico em matéria orgânica, bem drenado",
            "ambiente": "Ensolarado",
            "regagem": "Regular",
            "tempo_colheita": "45-60 dias"
        },
        {
            "nome": "Couve",
            "solo_ideal": "Rico em matéria orgânica, bem drenado",
            "ambiente": "Ensolarado",
            "regagem": "Regular",
            "tempo_colheita": "Contínuo (folhas novas brotam constantemente)"
        },
        {
            "nome": "Couve-flor",
            "solo_ideal": "Rico em matéria orgânica, bem drenado",
            "ambiente": "Ensolarado",
            "regagem": "Regular",
            "tempo_colheita": "70-90 dias"
        },
        {
            "nome": "Endívia",
            "solo_ideal": "Rico em matéria orgânica, bem drenado",
            "ambiente": "Ensolarado ou meia-sombra",
            "regagem": "Regular",
            "tempo_colheita": "60-75 dias"
        },
        {
            "nome": "Erva-cidreira",
            "solo_ideal": "Rico em matéria orgânica, bem drenado",
            "ambiente": "Sol pleno ou meia-sombra",
            "regagem": "Regular",
            "tempo_colheita": "Contínuo (poda constante para estimular o crescimento)"
        },
        {
            "nome": "Erva-doce",
            "solo_ideal": "Rico em matéria orgânica, bem drenado",
            "ambiente": "Ensolarado",
            "regagem": "Regular",
            "tempo_colheita": "120-150 dias"
        },
        {
            "nome": "Escarola",
            "solo_ideal": "Rico em matéria orgânica, bem drenado",
            "ambiente": "Ensolarado ou meia-sombra",
            "regagem": "Regular",
            "tempo_colheita": "Contínuo (folhas novas brotam constantemente)"
        },
        {
            "nome": "Espinafre",
            "solo_ideal": "Rico em matéria orgânica, bem drenado",
            "ambiente": "Ensolarado",
            "regagem": "Regular",
            "tempo_colheita": "45-60 dias"
        },
        {
            "nome": "Manjericão",
            "solo_ideal": "Rico em matéria orgânica, bem drenado",
            "ambiente": "Ensolarado",
            "regagem": "Regular",
            "tempo_colheita": "Contínuo (poda constante para estimular o crescimento)"
        },
        {
            "nome": "Rúcula",
            "solo_ideal": "Rico em matéria orgânica, bem drenado",
            "ambiente": "Ensolarado ou meia-sombra",
            "regagem": "Regular",
            "tempo_colheita": "45-60 dias"
        },
        {
            "nome": "Salsa",
            "solo_ideal": "Rico em matéria orgânica, bem drenado",
            "ambiente": "Ensolarado",
            "regagem": "Regular",
            "tempo_colheita": "Contínuo (poda constante para estimular o crescimento)"
        },
        {
            "nome": "Mostarda",
            "solo_ideal": "Rico em matéria orgânica, bem drenado",
            "ambiente": "Ensolarado",
            "regagem": "Regular",
            "tempo_colheita": "45-60 dias"
        },
        {
            "nome": "Ora-pro-nobis",
            "solo_ideal": "Rico em matéria orgânica, bem drenado",
            "ambiente": "Sol pleno ou meia-sombra",
            "regagem": "Regular",
            "tempo_colheita": "Contínuo (poda constante para estimular o crescimento)"
        },
        {
            "nome": "Orégano",
            "solo_ideal": "Bem drenado, rico em matéria orgânica",
            "ambiente": "Ensolarado",
            "regagem": "Regular",
            "tempo_colheita": "Contínuo (poda constante para estimular o crescimento)"
        },
        {
            "nome": "Repolho",
            "solo_ideal": "Rico em matéria orgânica, bem drenado",
            "ambiente": "Ensolarado",
            "regagem": "Regular",
            "tempo_colheita": "60-90 dias"
        }
    ]
}
        